,Territory,CartPriceInCP_2019,CartPriceInCP_2020,CartPriceInCP_2021,CartPriceInCP_2022,CartPriceInCP_2023,CartPriceInCP,DeliveryTimeCost_2019,DeliveryTimeCost_2020,DeliveryTimeCost_2021,DeliveryTimeCost_2022,DeliveryTimeCost_2023,DeliveryTimeCost,AccountNum,AveSpending,Nation,Region,Area,Product,Quantities
0,Gauntlgrym,2961432,3182647,2696812,2867581,2822208,14530680,6.876373626373627,7.0339943342776206,23.234939759036145,6.738872403560831,6.946268656716418,10.16608975599293,15,968712.0,Dwarfholds,Dwarven Empire,North,Green Dragon Mask,3770.0
1,Goldenfields,1477264,1244229,1372501,1115365,1386379,6595738,6.873563218390805,6.969325153374233,20.204968944099377,6.904458598726115,6.68125,9.526713182918106,7,942248.2857142857,Waterdeep,Waterdhavian Empire,North,Green Dragon Mask,3770.0
2,Luskan,2049863,2074376,2108307,2089253,1748804,10070603,6.591439688715953,6.587044534412955,24.234615384615385,7.653386454183267,7.306306306306307,10.474558473646773,11,915509.3636363636,Luskan,New Neverwinter Empire,North,Green Dragon Mask,3770.0
3,Nashkel,1401917,1529533,1789669,1556587,1520498,7798204,7.0,6.723076923076923,20.301369863013697,6.601010101010101,7.354679802955665,9.596027338011279,9,866467.1111111111,Baldur's Gate,Amnian Empire,North,Green Dragon Mask,3770.0
4,Lyrabar,2328812,3130773,2650440,2449168,2597052,13156245,6.8321678321678325,6.881690140845071,23.06984126984127,7.463414634146342,7.2317073170731705,10.295764238814737,14,939731.7857142857,Impiltur,Bloodlands Empire,North,Green Dragon Mask,3770.0
5,Friendly Arm Inn,1036961,1181651,833597,1213078,961630,5226917,7.469230769230769,7.181818181818182,26.348214285714285,7.625,6.650793650793651,11.055011377511377,6,871152.8333333334,Baldur's Gate,Amnian Empire,North,Green Dragon Mask,3770.0
6,Fort Morninglord,1743146,2654143,2553764,1610659,1461000,10022712,6.722543352601156,6.9393939393939394,29.245283018867923,6.818181818181818,7.488505747126437,11.442781575234255,8,1252839.0,Baldur's Gate,Amnian Empire,North,Green Dragon Mask,3770.0
7,Suzail,2547587,2675355,2993609,2539449,2716599,13472599,7.12962962962963,7.17737003058104,18.358126721763085,7.027692307692308,6.804216867469879,9.29940711142719,15,898173.2666666667,Cormyr,Purple Dragon Empire,North,Green Dragon Mask,3770.0
8,Targos,2479152,2135669,1980296,2085394,2195471,10875982,6.975778546712803,7.30859375,23.138339920948617,6.922480620155039,7.05078125,10.27919481756329,12,906331.8333333334,Icewind Dale,None Empire,North,Green Dragon Mask,3770.0
9,Sundabar,2126650,2509504,2124014,2419074,2125745,11304987,6.929889298892989,7.156996587030717,18.78988326848249,6.375886524822695,6.645418326693227,9.179614801184425,12,942082.25,Silverymoon,Purple Dragon Empire,North,Green Dragon Mask,3770.0
10,Fireshear,919674,1095781,920993,1126949,1031108,5094505,6.339449541284404,7.764227642276423,21.439655172413794,6.744525547445256,6.6440677966101696,9.78638514000601,5,1018901.0,Luskan,New Neverwinter Empire,North,Green Dragon Mask,3770.0
11,Everlund,2502482,1551400,1414478,1709729,2108688,9286777,7.0285714285714285,6.680952380952381,18.32620320855615,6.962264150943396,6.372950819672131,9.074188397739098,10,928677.7,Silverymoon,Purple Dragon Empire,North,Green Dragon Mask,3770.0
12,Eveningstar,1714660,1755418,2785094,3467140,3912439,13634751,7.325123152709359,7.2592592592592595,21.73267326732673,7.110526315789474,6.946078431372549,10.074732085291474,9,1514972.3333333333,Cormyr,Purple Dragon Empire,North,Green Dragon Mask,3770.0
13,Telos City,6197155,6602854,3772076,3780648,3920230,24272963,7.355408388520972,7.104166666666667,19.888157894736842,6.857456140350878,7.3241525423728815,9.705868326529647,20,1213648.15,Vaasa,Bloodlands Empire,North,Green Dragon Mask,3770.0
14,Marsember,2600105,2344748,2068726,2199694,2362376,11575649,6.70334928229665,7.134361233480176,23.237529691211403,7.068292682926829,7.296385542168674,10.287983686416746,19,609244.6842105263,Cormyr,Purple Dragon Empire,North,Green Dragon Mask,3770.0
15,Elturel,2611671,3236107,2894800,2969147,3100593,14812318,6.868421052631579,7.198412698412699,20.078212290502794,7.116580310880829,7.008356545961003,9.65399657967778,16,925769.875,Baldur's Gate,Amnian Empire,North,Green Dragon Mask,3770.0
16,Maur-Eturo,1568797,1421426,1674321,1390898,1618840,7674282,7.084269662921348,6.897142857142857,19.217877094972067,7.244186046511628,7.173684210526316,9.523431974414844,8,959285.25,Vaasa,Bloodlands Empire,North,Green Dragon Mask,3770.0
17,Phandalin,1515810,1723830,1760144,1693836,1670387,8364007,7.051546391752577,6.564356435643564,18.28436018957346,7.21608040201005,7.149253731343284,9.253119430064588,9,929334.1111111111,Neverwinter,New Neverwinter Empire,North,Green Dragon Mask,3770.0
18,Ravenstone,1417299,1574284,1359769,1363557,1684023,7398932,6.820987654320987,6.962765957446808,22.179775280898877,7.155555555555556,7.48404255319149,10.120625400282744,8,924866.5,Waterdeep,Waterdhavian Empire,North,Green Dragon Mask,3770.0
19,Farview,2188807,1860520,2302567,1657275,1439600,9448769,7.10727969348659,6.987654320987654,19.160409556313994,6.858870967741935,6.93359375,9.409561657706035,12,787397.4166666666,Moray,United Moonshae Empire,North,Green Dragon Mask,3770.0
20,Palischuk,1405224,1310423,1368904,1548113,1618328,7250992,6.700564971751413,7.101910828025478,23.145569620253166,6.6824324324324325,7.177664974619289,10.161628565416356,8,906374.0,Vaasa,Bloodlands Empire,North,Green Dragon Mask,3770.0
21,Praka,1148958,1188434,1299078,1389472,1160104,6186046,6.493055555555555,7.8389261744966445,20.70253164556962,6.946745562130178,7.307142857142857,9.857680358978971,7,883720.8571428572,Damara,Bloodlands Empire,North,Green Dragon Mask,3770.0
22,Leilon,1029445,1282763,1226878,1077346,1012974,5629406,7.180327868852459,6.732876712328767,20.596153846153847,7.053030303030303,7.151260504201681,9.742729846913411,6,938234.3333333334,Neverwinter,New Neverwinter Empire,North,Green Dragon Mask,3770.0
23,Jalanthar,1405967,1444322,1528400,1570371,1444665,7393725,7.166666666666667,6.698863636363637,23.26,6.798941798941799,6.72972972972973,10.130840366340365,8,924215.625,Silverymoon,Purple Dragon Empire,North,Green Dragon Mask,3770.0
24,Ironspur,1722721,1514077,1644196,1709439,1772330,8362763,7.115577889447236,7.234285714285714,17.846153846153847,7.197183098591549,6.972350230414746,9.27311015577862,9,929195.8888888889,Damara,Bloodlands Empire,North,Green Dragon Mask,3770.0
25,Ironmaster,1747761,1814945,1837483,1695501,2004630,9100320,7.029850746268656,7.082304526748971,18.772093023255813,7.046296296296297,7.164,9.418908918513948,10,910032.0,Luskan,New Neverwinter Empire,North,Green Dragon Mask,3770.0
26,Rivermoot,1228229,1485099,1306118,1300322,1425381,6745149,7.069620253164557,6.973684210526316,22.242236024844722,7.0062111801242235,6.680722891566265,9.994494912045216,7,963592.7142857143,Silverymoon,Purple Dragon Empire,North,Green Dragon Mask,3770.0
27,Ilmwatch,3072930,2935927,3264538,2966299,2890835,15130529,7.281501340482574,7.2569060773480665,21.24468085106383,6.904899135446686,6.752717391304348,9.8881409591291,16,945658.0625,Impiltur,Bloodlands Empire,North,Green Dragon Mask,3770.0
28,Saerloon,2875839,4814999,4145639,2268409,2451845,16556731,6.687719298245614,7.19344262295082,27.566308243727597,7.188888888888889,7.074829931972789,11.14223779715714,13,1273594.6923076923,Sembia,Purple Dragon Empire,North,Green Dragon Mask,3770.0
29,Rauvincross,2058870,3617810,4341269,2892400,2782856,15693205,6.835106382978723,6.678756476683938,34.430622009569376,6.778801843317972,6.885572139303482,12.321771770370699,9,1743689.4444444445,Silverymoon,Purple Dragon Empire,North,Green Dragon Mask,3770.0
30,Hundlestone,2014643,2020661,1905862,1606502,2042981,9590649,7.079497907949791,6.91497975708502,21.9070796460177,6.826086956521739,7.098814229249012,9.965291699364652,10,959064.9,Luskan,New Neverwinter Empire,North,Green Dragon Mask,3770.0
31,Lhuvenhead,1606684,1546923,1482490,1625985,1518627,7780709,7.2430939226519335,7.175824175824176,21.114285714285714,7.191256830601093,7.021739130434782,9.94923995475954,8,972588.625,Silverymoon,Purple Dragon Empire,North,Green Dragon Mask,3770.0
32,Scornubel,3067235,2119970,2039820,2273810,2290427,11791262,7.071428571428571,6.695652173913044,22.282868525896415,6.538745387453875,7.185567010309279,9.954852333800236,12,982605.1666666666,Baldur's Gate,Amnian Empire,North,Green Dragon Mask,3770.0
33,Kork,538178,512147,558443,545297,497585,2651650,7.0144927536231885,7.096774193548387,16.15068493150685,6.966101694915254,7.087719298245614,8.863154574367858,3,883883.3333333334,Moray,United Moonshae Empire,North,Green Dragon Mask,3770.0
34,Hilltop,1048994,1174841,1118437,1049167,1080969,5472408,6.873015873015873,6.9324324324324325,22.381294964028775,7.325581395348837,6.827338129496403,10.067932558864463,6,912068.0,Silverymoon,Purple Dragon Empire,North,Green Dragon Mask,3770.0
35,Shimmerglade,1834996,3622111,3647272,3611361,2156760,14872500,7.1722689075630255,7.192592592592592,19.696581196581196,7.108433734939759,7.119047619047619,9.657784810144838,11,1352045.4545454546,Impiltur,Bloodlands Empire,North,Green Dragon Mask,3770.0
36,High Hold,3071387,2881432,3064783,3377138,3179335,15574075,7.128272251308901,7.3088235294117645,22.697860962566846,7.130102040816326,6.729113924050633,10.198834541630893,17,916122.0588235294,Silverymoon,Purple Dragon Empire,North,Green Dragon Mask,3770.0
37,Helm's Hold,1082906,879350,1428695,2053795,1923638,7368384,7.299212598425197,7.0894308943089435,18.09433962264151,7.055555555555555,6.610619469026549,9.22983162799155,5,1473676.8,Neverwinter,New Neverwinter Empire,North,Green Dragon Mask,3770.0
38,Heliogabalus,2854241,2928502,2513109,2190935,2735392,13222179,7.015060240963855,6.879032258064516,14.796033994334278,6.920588235294118,6.996978851963746,8.521538716124102,15,881478.6,Damara,Bloodlands Empire,North,Green Dragon Mask,3770.0
39,Harrowdale,1204932,1448583,1132832,2033335,1441346,7261028,6.225165562913907,6.69281045751634,22.67295597484277,7.705128205128205,7.4520547945205475,10.149622998984354,7,1037289.7142857143,Cormanthar,Purple Dragon Empire,North,Green Dragon Mask,3770.0
40,Silverymoon,3221802,3383735,3309961,3435897,3607231,16958626,7.284313725490196,6.978622327790974,20.76334106728538,7.325301204819277,6.956719817767654,9.861659628630695,19,892559.2631578947,Silverymoon,Purple Dragon Empire,North,Green Dragon Mask,3770.0
41,Secomber,3337426,2804754,3272517,3234023,2663698,15312418,7.151670951156812,6.958333333333333,20.771356783919597,7.1091370558375635,6.906515580736544,9.77940274099677,17,900730.4705882353,Waterdeep,Waterdhavian Empire,North,Green Dragon Mask,3770.0
42,Thornhold,2846695,2551624,2645432,2207125,2713612,12964488,6.95820895522388,6.813084112149533,23.444444444444443,7.211111111111111,6.888198757763975,10.263009476138588,14,926034.8571428572,Waterdeep,Waterdhavian Empire,North,Green Dragon Mask,3770.0
43,Dwarven Valley,1602763,1819470,1620943,1663719,1461817,8168712,7.1708542713567835,7.1720930232558135,24.71212121212121,7.413265306122449,7.1530054644808745,10.724267855467426,9,907634.6666666666,Dwarfholds,Dwarven Empire,North,Green Dragon Mask,3770.0
44,Thunderstone,1500395,2092129,1609448,1377890,1647858,8227720,6.681564245810056,7.277777777777778,19.898203592814372,6.662420382165605,7.096551724137931,9.523303544541148,7,1175388.5714285714,Cormyr,Purple Dragon Empire,North,Green Dragon Mask,3770.0
45,Dilpur,3588423,2995981,3381192,3010158,3432637,16408391,6.686046511627907,6.547872340425532,21.364556962025315,7.215938303341902,7.043795620437956,9.771641947571721,17,965199.4705882353,Impiltur,Bloodlands Empire,North,Green Dragon Mask,3770.0
46,Mirabar,1989546,2160890,1988683,1992613,2003204,10134936,7.095435684647303,7.042801556420233,21.10931174089069,6.924302788844622,7.078512396694215,9.850072833499413,11,921357.8181818182,Dwarfholds,Dwarven Empire,North,Green Dragon Mask,3770.0
47,Valls,1136350,1420676,1324167,1606334,1853728,7341255,7.042857142857143,6.724550898203593,22.232704402515722,6.852564102564102,7.364102564102564,10.043355822048625,7,1048750.7142857143,Damara,Bloodlands Empire,North,Green Dragon Mask,3770.0
48,Mithral Hall,3232994,3591264,2416062,3208825,2898886,15348031,6.9189873417721515,6.828571428571428,11.25301204819277,6.95,7.181333333333333,7.826380830373937,18,852668.3888888889,Dwarfholds,Dwarven Empire,North,Green Dragon Mask,3770.0
49,Beregost,817198,928081,758058,952013,796871,4252221,6.704081632653061,7.384615384615385,23.747474747474747,7.0588235294117645,6.923076923076923,10.363614443446375,5,850444.2,Baldur's Gate,Amnian Empire,North,Green Dragon Mask,3770.0
50,Berdusk,2720887,2945105,3107185,2900910,2958081,14632168,7.152439024390244,7.161016949152542,20.345744680851062,6.885869565217392,6.788043478260869,9.666622739574422,16,914510.5,Baldur's Gate,Amnian Empire,North,Green Dragon Mask,3770.0
51,Baldur's Gate,4379222,4196454,4112972,3988040,4300168,20976856,6.996116504854369,7.056224899598393,20.52409638554217,6.87321063394683,6.761133603238866,9.642156405436126,22,953493.4545454546,Baldur's Gate,Amnian Empire,North,Green Dragon Mask,3770.0
52,Auckney,1484557,1752519,1752358,1689054,1621851,8300339,7.265625,6.955357142857143,27.255605381165918,7.128205128205129,6.920792079207921,11.105116946287222,9,922259.8888888889,Luskan,New Neverwinter Empire,North,Green Dragon Mask,3770.0
53,Waterdeep,4355305,4222260,3911690,4134416,4010677,20634348,7.134387351778656,7.154,22.42126789366053,7.086206896551724,6.859756097560975,10.131123647910377,22,937924.9090909091,Waterdeep,Waterdhavian Empire,North,Green Dragon Mask,3770.0
54,Waymoot,2874050,2797014,2843878,2861296,2659490,14035728,7.092178770949721,7.039660056657223,18.73198847262248,7.097701149425287,7.038338658146965,9.399973421560334,15,935715.2,Cormyr,Purple Dragon Empire,North,Green Dragon Mask,3770.0
55,Yhaunn,1598984,1338177,1532065,1646680,1701238,7817144,7.225641025641026,6.909574468085107,23.0,7.543147208121828,6.780487804878049,10.291770101345204,9,868571.5555555555,Sembia,Purple Dragon Empire,North,Green Dragon Mask,3770.0
56,Yuthgalaunt,2878098,3313134,3557078,3764606,3376874,16889790,7.096774193548387,6.792838874680307,23.019607843137255,7.331807780320366,6.992822966507177,10.246770331638698,18,938321.6666666666,Sembia,Purple Dragon Empire,North,Green Dragon Mask,3770.0
57,Arabel,1816045,1598150,1838545,1901740,1669298,8823778,6.878923766816143,6.616915422885572,17.686274509803923,7.230769230769231,7.514563106796117,9.185489207414196,9,980419.7777777778,Cormyr,Purple Dragon Empire,North,Green Dragon Mask,3770.0
58,New Sarshel,1943709,1922689,1796125,2144375,1929362,9736260,7.241379310344827,6.80672268907563,18.60633484162896,6.903225806451613,6.65929203539823,9.243390936579853,11,885114.5454545454,Impiltur,Bloodlands Empire,North,Green Dragon Mask,3770.0
59,Amphail,2062772,2203981,1962875,2386932,2247352,10863912,7.377431906614786,6.797101449275362,20.86904761904762,6.864963503649635,6.6,9.70170889571748,12,905326.0,Waterdeep,Waterdhavian Empire,North,Green Dragon Mask,3770.0
60,Neverwinter,1788941,1961481,2248374,2110677,2163279,10272752,7.162037037037037,7.0995670995671,20.220973782771537,7.2362204724409445,7.205426356589148,9.784844949681155,11,933886.5454545454,Neverwinter,New Neverwinter Empire,North,Green Dragon Mask,3770.0
61,Myth Drannor,2215993,2311233,2200937,2176360,2308778,11213301,6.7765567765567765,6.782287822878229,22.15530303030303,7.370229007633588,7.050980392156863,10.027071405905698,12,934441.75,Cormanthar,Purple Dragon Empire,North,Green Dragon Mask,3770.0
62,Bloodstone (Vaasa),1028364,1205285,974290,1101555,1010952,5320446,6.9393939393939394,7.170068027210885,18.328358208955223,6.4125874125874125,6.798387096774194,9.12975893698433,6,886741.0,Vaasa,Bloodlands Empire,North,Green Dragon Mask,3770.0
63,Bryn Shander,1585726,1620795,1643966,1431933,1601639,7884059,6.731578947368421,7.154255319148936,22.84536082474227,7.648648648648648,7.036269430051814,10.283222633992017,9,876006.5555555555,Icewind Dale,None Empire,North,Green Dragon Mask,3770.0
64,Bloodstone (Damara),1230080,1313514,1167614,1331045,1036594,6078847,6.928104575163399,6.973154362416107,24.67391304347826,7.14,7.7153846153846155,10.686111319288475,7,868406.7142857143,Damara,Bloodlands Empire,North,Green Dragon Mask,3770.0
65,Caer Moray,1268180,1753922,2116322,2109518,2249845,9497787,7.247311827956989,7.080152671755725,23.052,7.221789883268483,7.700704225352113,10.460391721666662,12,791482.25,Moray,United Moonshae Empire,North,Green Dragon Mask,3770.0
66,Darmshall,172866,312875,287154,422668,547472,1743035,5.565217391304348,6.516129032258065,22.956521739130434,6.481481481481482,5.7631578947368425,9.456501507782233,1,1743035.0,Vaasa,Bloodlands Empire,North,Green Dragon Mask,3770.0
67,Daggerford,1142840,1015176,1079582,1307532,907739,5452869,7.440559440559441,7.130434782608695,24.470588235294116,7.2,6.946902654867257,10.637697022665902,6,908811.5,Waterdeep,Waterdhavian Empire,North,Green Dragon Mask,3770.0
68,Daerlun,2876463,2771385,2817977,2709432,3136097,14311354,7.112676056338028,7.030054644808743,20.040650406504064,7.078488372093023,6.32122905027933,9.516619706004636,15,954090.2666666667,Sembia,Purple Dragon Empire,North,Green Dragon Mask,3770.0
69,Tilverton,1568212,2500827,2744593,3000509,1455458,11269599,7.35632183908046,7.795180722891566,29.365168539325843,6.98984771573604,7.440677966101695,11.789439356627122,8,1408699.875,Cormyr,Purple Dragon Empire,North,Green Dragon Mask,3770.0
70,Conyberry,1324870,1310896,1192556,1248944,1166827,6244093,6.810126582278481,6.774193548387097,21.18421052631579,6.961038961038961,7.352201257861635,9.816354175176393,7,892013.2857142857,Neverwinter,New Neverwinter Empire,North,Green Dragon Mask,3770.0
71,Citadel of Conjurers,2228511,2166370,2151415,2283489,2153184,10982969,7.19622641509434,7.072519083969466,21.730337078651687,6.918819188191882,6.782945736434108,9.940169500468297,12,915247.4166666666,Impiltur,Bloodlands Empire,North,Green Dragon Mask,3770.0
72,Urmlaspyr,3380179,3476079,3262325,3477097,3598549,17194229,6.85995085995086,6.824940047961631,21.892601431980907,6.9002375296912115,7.082191780821918,9.911984330081305,18,955234.9444444445,Sembia,Purple Dragon Empire,North,Green Dragon Mask,3770.0
73,Citadel Felbarr,3842670,3966398,3804694,3575737,5115770,20305269,7.1152173913043475,7.173913043478261,18.57112068965517,6.914027149321267,6.755020080321285,9.305859670816067,21,966917.5714285715,Dwarfholds,Dwarven Empire,North,Green Dragon Mask,3770.0
74,Red Larch,699812,789225,873372,741778,708879,3813066,7.434782608695652,6.741573033707865,21.474747474747474,7.752688172043011,7.209302325581396,10.12261872295508,4,953266.5,Waterdeep,Waterdhavian Empire,North,Green Dragon Mask,3770.0
75,Uluvin,2230751,2396653,1988903,2366700,2012209,10995216,7.100358422939068,7.157706093189964,22.130434782608695,6.626760563380282,7.1505791505791505,10.033167802539431,12,916268.0,Waterdeep,Waterdhavian Empire,North,Green Dragon Mask,3770.0
76,Ordulin,3601106,3378118,3472664,4101973,4402313,18956174,6.674259681093394,6.986013986013986,19.962616822429908,6.747044917257683,6.881642512077295,9.45031558377445,19,997693.3684210526,Sembia,Purple Dragon Empire,North,Green Dragon Mask,3770.0
77,Mereu,2083355,2349288,2124002,2415622,2203108,11175375,6.9728682170542635,7.210714285714285,21.12589928057554,7.327464788732394,7.191780821917808,9.965745478798857,12,931281.25,Mereu,Purple Dragon Empire,North,Green Dragon Mask,3770.0
78,Candlekeep,2753772,2747469,2958244,2569153,2540920,13569558,7.347266881028939,7.156342182890856,20.588059701492536,7.027950310559007,7.366666666666666,9.8972571485276,14,969254.1428571428,Baldur's Gate,Amnian Empire,North,Green Dragon Mask,3770.0
79,Triel,2804364,2683998,2739902,2696251,2827819,13752334,7.100591715976331,7.154088050314465,22.402941176470588,6.750788643533123,7.293103448275862,10.140302606914073,15,916822.2666666667,Baldur's Gate,Amnian Empire,North,Green Dragon Mask,3770.0
80,Citadel Adbarr,3535740,3081277,2853778,5573167,4873076,19917038,6.978571428571429,6.791878172588833,21.688654353562004,7.16548463356974,7.283372365339578,9.981592190726317,18,1106502.111111111,Dwarfholds,Dwarven Empire,North,Green Dragon Mask,3770.0
81,Paletorch,2324185,2253748,2242376,2147207,2036912,11004428,7.268551236749117,6.806779661016949,20.48507462686567,6.711610486891386,7.087649402390438,9.671933082782711,12,917035.6666666666,Narfell,Bloodlands Empire,East,Quarterstaff,3113.0
82,Koko Nur,1797358,1889470,1555220,1783718,1867068,8892834,7.130232558139535,7.035242290748899,23.923809523809524,7.286343612334802,6.7040358744394615,10.415932771894445,10,889283.4,Kara-Tur,Eastern Empire,East,Quarterstaff,3113.0
83,Kuo Te' Lung,625055,872531,580690,578052,512049,3168377,6.652777777777778,7.847222222222222,19.467741935483872,6.9480519480519485,7.581081081081081,9.69937499292338,3,1056125.6666666667,Kara-Tur,Eastern Empire,East,Quarterstaff,3113.0
84,Messemprar,4597682,4227434,4247900,3993461,3961510,21027987,7.347593582887701,7.18796992481203,22.20825515947467,6.972762645914397,6.595528455284553,10.062421953674669,23,914260.304347826,Unther,Old Empire,East,Quarterstaff,3113.0
85,Mulsantir,2382026,2352022,2323607,2367986,2276704,11702345,6.92057761732852,7.098245614035088,22.1602787456446,6.945762711864407,6.99645390070922,10.024263717916366,13,900180.3846153846,Thay,Thayan Empire,East,Quarterstaff,3113.0
86,Old Vaelan,2054874,1766840,2207774,1802142,1878323,9709953,7.124,7.004444444444444,23.366300366300365,7.238738738738738,6.80365296803653,10.307427303504015,11,882723.0,Durpar,Thayan Empire,East,Quarterstaff,3113.0
87,Mucklestones,1828337,1355172,1542398,1429321,1774016,7929244,6.923611111111111,7.226950354609929,22.00326797385621,6.928571428571429,6.571929824561403,9.930866138542017,13,609941.8461538461,Great Dale,Bloodlands Empire,East,Quarterstaff,3113.0
88,Phent,1151658,875978,1300991,1235728,1067762,5632117,6.859259259259259,6.921052631578948,25.28676470588235,7.121621621621622,7.824,10.802539643668435,6,938686.1666666666,Thesk,Thayan Empire,East,Quarterstaff,3113.0
89,Nyth,2339338,2602625,2672632,2537550,2590248,12742393,7.0893470790378,6.258566978193146,22.700305810397552,6.903654485049834,7.346385542168675,10.059651978969402,14,910170.9285714285,Thesk,Thayan Empire,East,Quarterstaff,3113.0
90,Phannaskul,4327173,4588034,4840653,3606423,2818663,20180946,6.805293005671078,7.011673151750973,18.368518518518517,7.052123552123552,7.045186640471512,9.256558973707127,23,877432.4347826086,Murghom,Old Empire,East,Quarterstaff,3113.0
91,Phant,2033858,2234920,2177595,2357103,2184386,10987862,6.650557620817844,7.089928057553957,25.752808988764045,6.9183006535947715,6.857707509881423,10.653860566122408,12,915655.1666666666,Thesk,Thayan Empire,East,Quarterstaff,3113.0
92,Adama's Tooth,1539488,1667084,1382333,1657148,1564530,7810583,6.790816326530612,6.324873096446701,21.847826086956523,6.98,6.862433862433862,9.761189874473539,9,867842.5555555555,Durpar,Thayan Empire,East,Quarterstaff,3113.0
93,Nethyr,2160010,2663672,2458129,2460513,2294864,12037188,7.265682656826568,7.211920529801325,21.105084745762714,7.006825938566553,7.321554770318021,9.982213728255037,13,925937.5384615385,Aglarond,Thayan Empire,East,Quarterstaff,3113.0
94,Bezentil,1687414,1464703,1684630,1877713,1633670,8348130,6.900497512437811,6.808743169398907,22.599078341013826,6.298507462686567,6.9411764705882355,9.909600591225068,9,927570.0,Great Dale,Bloodlands Empire,East,Quarterstaff,3113.0
95,Tilbrand,1424742,2158761,1992837,1827456,1964326,9368122,7.173469387755102,7.0,19.546610169491526,7.116071428571429,7.058333333333334,9.578896863830277,10,936812.2,Aglarond,Thayan Empire,East,Quarterstaff,3113.0
96,Kai Shan,1305224,1594082,1573216,1310251,1699091,7481864,7.656441717791411,6.733333333333333,16.907103825136613,6.472727272727273,7.190721649484536,8.992065559694634,8,935233.0,Kara-Tur,Eastern Empire,East,Quarterstaff,3113.0
97,Eltabbar,2915725,2823293,3453025,7170303,5423846,21786192,6.921965317919075,6.842900302114804,23.727272727272727,6.989247311827957,7.214705882352941,10.3392183082975,15,1452412.8,Thay,Thayan Empire,East,Quarterstaff,3113.0
98,The Smoking Keep,3230536,3006085,3041306,2935940,3355252,15569119,7.076923076923077,7.197889182058048,21.60821917808219,6.985590778097983,7.074742268041237,9.988672896640505,16,973069.9375,Thay,Thayan Empire,East,Quarterstaff,3113.0
99,Emmesh,1951150,2195470,2226289,1989465,2001348,10363722,7.248888888888889,6.854961832061068,21.03125,6.67479674796748,6.804,9.722779493783488,11,942156.5454545454,Aglarond,Thayan Empire,East,Quarterstaff,3113.0
100,Velprintalar,1312211,1500043,1514429,1543000,1528774,7398457,7.011695906432749,6.631284916201118,20.65536723163842,7.514705882352941,6.903225806451613,9.743255948615367,8,924807.125,Aglarond,Thayan Empire,East,Quarterstaff,3113.0
101,Telflamm,1854042,1719377,2022894,1843493,1828440,9268246,7.2625,7.1469194312796205,23.819327731092436,7.310344827586207,7.452282157676349,10.598274829526924,10,926824.6,Thesk,Thayan Empire,East,Quarterstaff,3113.0
102,Vaelan,1879460,1795033,1800421,1918657,1743140,9136711,7.165254237288136,6.953781512605042,21.990654205607477,6.413793103448276,7.154545454545454,9.935605702698878,10,913671.1,Durpar,Thayan Empire,East,Quarterstaff,3113.0
103,Wai,1696932,1701162,1410093,1618053,1350782,7777022,6.406091370558376,7.0514018691588785,17.821428571428573,6.253807106598985,7.433526011560693,8.993250985861101,9,864113.5555555555,Kara-Tur,Eastern Empire,East,Quarterstaff,3113.0
104,Surthay,1844389,2007602,1832618,1933009,2150359,9767977,7.469767441860465,7.048979591836734,21.173387096774192,6.970338983050848,6.992248062015504,9.93094423510755,11,887997.9090909091,Thay,Thayan Empire,East,Quarterstaff,3113.0
105,Assur,3548054,5409339,4696857,4346715,2040939,20041904,7.415178571428571,6.8838174273858925,30.43243243243243,6.857142857142857,7.195219123505976,11.756758082379147,10,2004190.4,Durpar,Thayan Empire,East,Quarterstaff,3113.0
106,Skuld,994195,1161581,1209079,1159219,1360889,5884963,6.5,6.604651162790698,22.81021897810219,6.8068965517241375,7.472972972972973,10.038947933118,6,980827.1666666666,Mulhorand,Old Empire,East,Quarterstaff,3113.0
107,Singing Sands,1303060,1183666,1109181,736612,1104283,5436802,7.1645569620253164,7.042253521126761,15.88125,6.637426900584796,7.35754189944134,8.816605856635643,7,776686.0,Aglarond,Thayan Empire,East,Quarterstaff,3113.0
108,Amruthar,1719646,1771191,1880373,1833096,1531748,8736054,6.763819095477387,6.7727272727272725,22.220338983050848,8.036866359447005,7.074418604651163,10.173634063070734,10,873605.4,Thay,Thayan Empire,East,Quarterstaff,3113.0
109,Zabbasz,2890461,5184104,4456281,2573925,2736347,17841118,6.868263473053892,6.7101449275362315,17.093023255813954,6.903125,6.641399416909621,8.84319121466274,15,1189407.8666666667,Estagund,Thayan Empire,East,Quarterstaff,3113.0
110,Aerilpar,1474479,1438565,1603191,1692381,1404370,7612986,6.538461538461538,6.56875,22.335135135135136,6.625,6.296511627906977,9.67277166030073,8,951623.25,Veldorn,Thayan Empire,East,Quarterstaff,3113.0
111,Huzuz,3120826,3140158,2776861,3039737,3107844,15185426,6.965608465608466,6.780361757105943,25.831804281345565,7.283163265306122,6.735294117647059,10.71924637740263,17,893260.3529411765,Zakhara,Southern Empire,East,Quarterstaff,3113.0
112,Furthinghome,2061386,2131753,2326161,2061590,1958473,10539363,7.0257510729613735,7.178707224334601,22.592307692307692,6.816793893129771,7.157894736842105,10.15429092391511,11,958123.9090909091,Aglarond,Thayan Empire,East,Quarterstaff,3113.0
113,Tyraturos,2572088,2711895,2749330,2588716,2589132,13211161,7.092409240924092,6.871951219512195,23.70948012232416,7.344936708860759,7.023411371237458,10.408437732571732,14,943654.3571428572,Thay,Thayan Empire,East,Quarterstaff,3113.0
114,Nykkar,1867701,3394312,2720459,1550765,1716497,11249734,7.400966183574879,6.720164609053498,18.806763285024154,6.925,7.569306930693069,9.48444020166912,10,1124973.4,Calimshan,Calim Empire,South,Hazirawn,4598.0
115,Velen,2832580,2865496,2675586,2560162,2886712,13820536,7.342696629213483,7.387573964497041,27.660550458715598,7.155963302752293,7.131054131054131,11.335567697246507,15,921369.0666666667,Tethyr,Calim Empire,South,Hazirawn,4598.0
116,Riatavin,3131234,3110303,3161944,2928573,3099604,15431658,7.170212765957447,7.375,21.653225806451612,6.858310626702997,6.8646408839779,9.98427801661799,17,907744.5882352941,Amn,Amnian Empire,South,Hazirawn,4598.0
117,Toreus,3535662,5458018,4738465,4597995,2017878,20348018,6.962962962962963,7.040816326530612,27.34841628959276,7.276422764227642,6.49003984063745,11.023731636790284,11,1849819.8181818181,Chessentea,Halruaan Empire,South,Hazirawn,4598.0
118,Thindar,2713697,2614088,2568031,2389771,2429643,12715230,6.981927710843373,7.249211356466877,19.42042042042042,6.457912457912458,6.735785953177258,9.369051579764077,14,908230.7142857143,Lapaliiya & Thindol,Halruaan Empire,South,Hazirawn,4598.0
119,The Nath,2761049,2778490,2590666,2789276,3091778,14011259,7.362804878048781,7.133333333333334,18.30886850152905,6.7522388059701495,7.1558073654390935,9.342610576864082,15,934083.9333333333,Halruaa,Halruaan Empire,South,Hazirawn,4598.0
120,Port Kir,1468272,1853958,1613649,1751484,1745091,8432454,7.292553191489362,7.336448598130841,23.862244897959183,7.0,7.12807881773399,10.523865101062675,9,936939.3333333334,Tethyr,Calim Empire,South,Hazirawn,4598.0
121,Starmantle,4034887,3733933,4142153,4218417,3737456,19866846,6.82258064516129,7.174778761061947,25.74334600760456,6.740079365079365,6.652838427947598,10.626724641370952,21,946040.2857142857,Turmish,Amnian Empire,South,Hazirawn,4598.0
122,Priapurl,2041724,1882294,1875794,1999754,1869416,9668982,6.675925925925926,6.934272300469484,22.48971193415638,6.916317991631799,7.084070796460177,10.020059789728752,10,966898.2,Amn,Amnian Empire,South,Hazirawn,4598.0
123,Shoun,2151708,2241023,2373683,2287788,2361739,11415941,6.915322580645161,7.042471042471043,20.740484429065745,6.553191489361702,7.419243986254296,9.734142705559588,12,951328.4166666666,Luiren,Halruaan Empire,South,Hazirawn,4598.0
124,Proskur,1455603,1122495,1901646,2568612,2225070,9273426,7.189655172413793,7.080536912751678,25.160377358490567,7.22488038277512,7.095,10.750089965286232,8,1159178.25,Amn,Amnian Empire,South,Hazirawn,4598.0
125,Shamph,1190540,2111943,2769602,2633653,2525487,11231225,6.913978494623656,7.263333333333334,21.503125,6.809677419354839,7.438127090301004,9.985648267522567,14,802230.3571428572,Chondath,Calim Empire,South,Hazirawn,4598.0
126,Trademeet,3954708,3786521,3752296,3708676,3681771,18883972,6.86117136659436,7.089361702127659,22.445977011494254,6.993071593533488,7.042316258351893,10.086379586420332,20,944198.6,Tethyr,Calim Empire,South,Hazirawn,4598.0
127,Theshburl,1527007,1245247,1457636,1490866,1460721,7181477,7.461956521739131,6.30188679245283,20.668478260869566,7.208791208791209,7.5777777777777775,9.843778112326103,8,897684.625,Calimshan,Calim Empire,South,Hazirawn,4598.0
128,Manshaka,1638857,1657272,1617246,1580894,1761430,8255699,7.298076923076923,6.864077669902913,20.12682926829268,6.675675675675675,6.965,9.58593190738964,9,917299.8888888889,Calimshan,Calim Empire,South,Hazirawn,4598.0
129,Heptios,3806693,3543082,3496903,3498715,3110509,17455902,7.0741525423728815,6.919431279620853,25.392201834862384,7.052995391705069,7.319371727748691,10.751630555261974,19,918731.6842105263,Chessentea,Halruaan Empire,South,Hazirawn,4598.0
130,Iriaesbor,2662769,2962340,2946006,2455311,2699632,13726058,6.963414634146342,6.862745098039215,22.38,7.003344481605351,6.958702064896755,10.033641255737532,15,915070.5333333333,Amn,Amnian Empire,South,Hazirawn,4598.0
131,Iljak,3024178,2706243,3209770,3147426,3176525,15264142,7.1828254847645425,7.104347826086957,23.25831202046036,7.089743589743589,6.806701030927835,10.288385990396657,17,897890.7058823529,Chondath,Calim Empire,South,Hazirawn,4598.0
132,Holondeth,2421341,2874497,2459517,2466528,2643878,12865761,7.0134228187919465,6.8217522658610275,25.29126213592233,7.145762711864407,7.03680981595092,10.661801949678125,14,918982.9285714285,Turmish,Amnian Empire,South,Hazirawn,4598.0
133,Hlath,3292656,3241705,3183940,3178546,3148317,16045164,7.07808564231738,6.969620253164557,16.025641025641026,6.669211195928753,7.253229974160207,8.799157618242385,17,943833.1764705882,Chondath,Calim Empire,South,Hazirawn,4598.0
134,Myratma,2227437,2186348,2166391,1814504,2254705,10649385,6.966911764705882,6.913207547169812,24.1195219123506,7.136363636363637,7.044444444444444,10.436089861006876,12,887448.75,Calimshan,Calim Empire,South,Hazirawn,4598.0
135,Halagard,4198004,3748663,4142931,3871592,3828076,19789266,7.052,6.735555555555556,20.079847908745247,6.670146137787056,7.146288209606987,9.53676756233897,22,899512.0909090909,Halruaa,Halruaan Empire,South,Hazirawn,4598.0
136,Fort Calim,1138923,1228951,1258643,1266544,1261414,6154475,7.155405405405405,7.134969325153374,24.10948905109489,7.388535031847134,7.690322580645161,10.695744278829192,7,879210.7142857143,Calimshan,Calim Empire,South,Hazirawn,4598.0
137,Eversult,2669496,2451316,2215125,2579338,2658419,12573694,6.929765886287625,7.006802721088436,20.05226480836237,6.916943521594685,6.970684039087948,9.575292195284211,13,967207.2307692308,Amn,Amnian Empire,South,Hazirawn,4598.0
138,Eshpurta,4274502,4214162,4201999,4437360,4083186,21211209,6.799614643545279,7.109848484848484,19.155470249520153,6.575139146567718,7.5711340206185564,9.442241309020039,23,922226.4782608695,Amn,Amnian Empire,South,Hazirawn,4598.0
139,Erebos,4098426,3266910,3568534,3867966,3915305,18717141,7.198329853862213,7.267469879518072,22.352941176470587,7.022774327122153,7.098924731182795,10.188087993631164,21,891292.4285714285,Chessentea,Halruaan Empire,South,Hazirawn,4598.0
140,Emelone,1361479,1723996,1586786,1648393,1766138,8086792,7.198924731182796,7.092165898617512,22.543478260869566,7.419811320754717,6.695,10.189876042284919,9,898532.4444444445,Tethyr,Calim Empire,South,Hazirawn,4598.0
141,Easting,1842459,2079531,2045494,2092106,1881428,9941018,7.0,7.004255319148936,23.746987951807228,6.830645161290323,6.737288135593221,10.263835313567942,11,903728.9090909091,Amn,Amnian Empire,South,Hazirawn,4598.0
142,Ironfang Keep,1013427,1205603,1209012,1147424,1251025,5826491,6.345864661654136,7.054421768707483,15.732394366197184,6.709219858156028,7.327160493827161,8.633812229708397,7,832355.8571428572,Turmish,Amnian Empire,South,Hazirawn,4598.0
143,Duskan,2032634,1705103,1677406,1991307,2157208,9563658,7.079497907949791,6.9818181818181815,17.52073732718894,6.830578512396694,6.510121457489879,8.984550677368697,10,956365.8,Tethyr,Calim Empire,South,Hazirawn,4598.0
144,Dashadjen,1238469,1413390,1381773,1402942,1438463,6875037,6.75,7.325301204819277,18.594285714285714,7.271084337349397,7.101694915254237,9.408473234341724,8,859379.625,Calimshan,Calim Empire,South,Hazirawn,4598.0
145,Darromar,4041756,4294746,4510762,4193321,4125687,21166272,7.00796812749004,6.818181818181818,22.432188065099457,7.048689138576779,7.212903225806452,10.103986075030907,23,920272.695652174,Tethyr,Calim Empire,South,Hazirawn,4598.0
146,Crimmor,3705019,3820119,4153658,3869085,3956320,19504201,7.101149425287356,7.458695652173913,24.707889125799575,7.028322440087146,7.298507462686567,10.71891282120691,21,928771.4761904762,Amn,Amnian Empire,South,Hazirawn,4598.0
147,Cimbar,2780547,3115761,3054723,3071720,2954485,14977236,6.9703504043126685,7.360881542699724,20.46529562982005,7.201044386422977,6.8203753351206435,9.763589459675213,17,881013.8823529412,Chessentea,Halruaan Empire,South,Hazirawn,4598.0
148,Cedarspoke,2750215,2575999,2782938,2771815,2519243,13400210,6.706744868035191,6.943521594684386,20.198224852071007,6.934328358208956,7.079510703363915,9.572466075272692,15,893347.3333333334,Turmish,Amnian Empire,South,Hazirawn,4598.0
149,Cathyr,2033202,2166751,1568603,2222017,2161647,10152220,7.28740157480315,6.650735294117647,21.70616113744076,6.70566037735849,6.924242424242424,9.854840161592493,11,922929.0909090909,Dambrath,Thayan Empire,South,Hazirawn,4598.0
150,Calimport,3152067,3377536,3158673,3081924,4134259,16904459,6.870229007633588,7.0761421319796955,20.322997416020673,6.632978723404255,7.099502487562189,9.600369953320081,18,939136.6111111111,Calimshan,Calim Empire,South,Hazirawn,4598.0
151,Beluir,3274211,2307285,2395521,2116969,2271635,12365621,6.773049645390071,7.398523985239852,23.151408450704224,7.290441176470588,6.878136200716846,10.298311891704316,12,1030468.4166666666,Luiren,Halruaan Empire,South,Hazirawn,4598.0
152,Athkatla,4637158,4163528,6018358,8830934,8464841,32114819,6.64,7.2481481481481485,24.90943396226415,7.264940239043825,6.940119760479042,10.600528421987033,23,1396296.4782608696,Amn,Amnian Empire,South,Hazirawn,4598.0
153,Arrabar,3073348,3468883,2951292,2830261,3452532,15776316,6.847328244274809,7.340740740740741,22.338422391857506,7.146341463414634,6.971014492753623,10.128769466608263,18,876462.0,Chondath,Calim Empire,South,Hazirawn,4598.0
154,Arkanax,3429083,3562342,3467299,3557492,3259795,17276011,6.919239904988124,7.1173814898419865,22.809069212410503,7.074941451990632,7.231325301204819,10.230391472087213,19,909263.7368421053,Chessentea,Halruaan Empire,South,Hazirawn,4598.0
155,Alaghon,4094618,3927521,3643996,3629691,3817665,19113491,6.900406504065041,6.882882882882883,17.843478260869563,6.883720930232558,7.118025751072961,9.125702865824602,21,910166.2380952381,Turmish,Amnian Empire,South,Hazirawn,4598.0
156,Dusk Hold,1596315,1377589,1727879,1772371,1843470,8317624,7.145,6.376404494382022,22.512562814070353,6.903846153846154,6.728571428571429,9.933276978173991,9,924180.4444444445,Shar,Halruaan Empire,South,Hazirawn,4598.0
157,Keltar,1393964,3023883,1940012,1497206,1435659,9290724,7.387878787878788,6.772486772486772,25.39903846153846,6.892857142857143,7.176136363636363,10.725679505679505,8,1161340.5,Calimshan,Calim Empire,South,Hazirawn,4598.0
158,Zazesspur,2482902,2544568,2378242,2208403,2039431,11653546,7.144827586206897,6.64625850340136,21.079037800687285,6.905923344947735,7.2298850574712645,9.80118645854291,13,896426.6153846154,Tethyr,Calim Empire,South,Hazirawn,4598.0
159,Maralith,3981142,3834656,3444166,3758016,3563816,18581796,7.166,6.791044776119403,20.949760765550238,7.091116173120729,6.963048498845265,9.792194042727129,20,929089.8,Dambrath,Thayan Empire,South,Hazirawn,4598.0
160,Memnonnar,1465727,1608715,1492248,1879942,1632890,8079522,6.651282051282052,6.21608040201005,20.639344262295083,7.345132743362832,7.2388059701492535,9.618129085819854,9,897724.6666666666,Calimshan,Calim Empire,South,Hazirawn,4598.0
161,Zalazuu,3100825,3320457,3028122,2885918,3081514,15416836,6.743386243386244,6.880636604774536,21.526027397260275,6.933701657458563,7.008333333333334,9.81841704724259,16,963552.25,Halruaa,Halruaan Empire,South,Hazirawn,4598.0
162,Malaxer,3632094,3842418,3759019,3957467,3597455,18788453,7.1943231441048034,6.97489539748954,24.72008547008547,7.151452282157677,6.9743589743589745,10.603023053639294,21,894688.2380952381,Lapaliiya & Thindol,Halruaan Empire,South,Hazirawn,4598.0
163,Morningstar Hollows,1468871,1362800,1519326,1377346,1463152,7191495,7.328205128205128,7.251366120218579,24.19148936170213,7.22289156626506,6.888888888888889,10.576568213055959,8,898936.875,Turmish,Amnian Empire,South,Hazirawn,4598.0
164,Khaerbaal,2534527,2731200,2665497,2533641,2782417,13247282,6.564935064935065,6.722560975609756,21.540268456375838,6.894736842105263,6.844936708860759,9.713487609577335,14,946234.4285714285,Halruaa,Halruaan Empire,South,Hazirawn,4598.0
165,Mount Talath,2703865,2978885,2831342,3039280,2724903,14278275,7.41875,7.109243697478991,19.14245810055866,6.907859078590786,7.142433234421365,9.544148822209959,16,892392.1875,Halruaa,Halruaan Empire,South,Hazirawn,4598.0
166,Murann,2654127,2580456,2927804,2821427,2686617,13670431,6.6398809523809526,7.0,20.607142857142858,7.28955223880597,6.568807339449541,9.621076677555864,15,911362.0666666667,Amn,Amnian Empire,South,Hazirawn,4598.0
167,Lushpool,3197452,5504101,6191915,5420012,3300600,23614080,7.225721784776903,6.906005221932115,24.37913486005089,7.170212765957447,6.913366336633663,10.518888193870204,17,1389063.5294117648,Lapaliiya & Thindol,Halruaan Empire,South,Hazirawn,4598.0
168,Memnon,2375681,2428212,2450763,2535158,2544373,12334187,6.919860627177701,6.931372549019608,24.689320388349515,6.9058441558441555,7.302631578947368,10.549805859867671,14,881013.3571428572,Calimshan,Calim Empire,South,Hazirawn,4598.0
169,Mussum,3442604,3577135,3597337,3269952,3538525,17425553,6.827505827505828,7.271070615034168,23.344110854503466,7.034229828850855,7.0327102803738315,10.30192548125363,19,917134.3684210526,Chondath,Calim Empire,South,Hazirawn,4598.0
170,Krenalir,4370811,4530996,4328813,3991726,4635474,21857820,6.887640449438202,6.919928825622776,22.863720073664826,7.224448897795591,6.979591836734694,10.175066016651218,24,910742.5,Luiren,Halruaan Empire,South,Hazirawn,4598.0
171,Lundeth,2284664,2016933,2052285,2249496,2329337,10932715,7.043956043956044,6.89811320754717,21.1953125,6.971774193548387,6.737451737451737,9.769321536500666,11,993883.1818181818,Lapaliiya & Thindol,Halruaan Empire,South,Hazirawn,4598.0
172,Norheim,1553272,1798110,1779096,1450090,1620814,8201382,6.888297872340425,7.051162790697674,18.84051724137931,6.662983425414365,7.507042253521127,9.390000716670581,9,911264.6666666666,Norland,United Moonshae Empire,West,Splint mail,1023.0
173,Palost Port,1811618,1482073,1635974,1682711,1383520,7995896,7.476190476190476,7.244791666666667,23.1592039800995,7.121359223300971,6.8023255813953485,10.360774185530593,9,888432.8888888889,Korinn Archipelego,United Moonshae Empire,West,Splint mail,1023.0
174,Nexal,3347323,3392724,3141029,3308490,3482784,16672350,6.901960784313726,7.002386634844869,22.047858942065492,6.850632911392405,6.725173210161663,9.90560249655563,18,926241.6666666666,Maztica,Western Empire,West,Splint mail,1023.0
175,Mintarn,1637558,1362783,1455183,1559103,1214201,7228828,6.293193717277487,7.058479532163743,27.46961325966851,6.891191709844559,7.211180124223603,10.98473166863558,8,903603.5,Mintarn,United Moonshae Empire,West,Splint mail,1023.0
176,Oman,1440173,1840508,1621629,1571327,1364259,7837896,6.815642458100559,7.555555555555555,21.1010101010101,6.787878787878788,6.558282208588957,9.763673822226792,8,979737.0,Norland,United Moonshae Empire,West,Splint mail,1023.0
177,Arn Rock,1688550,1599484,1703445,1703821,1771993,8467293,6.959821428571429,7.324468085106383,22.23469387755102,6.711627906976744,6.734513274336283,9.993024914508371,9,940810.3333333334,Arn Rock,Calim Empire,West,Splint mail,1023.0
178,Olafstaad,1350043,1385835,1498027,1490393,1011627,6735925,7.066666666666666,6.421621621621622,24.251461988304094,7.404371584699454,7.291970802919708,10.48721853284231,8,841990.625,Alaron,United Moonshae Empire,West,Splint mail,1023.0
179,Ogden,911187,1218726,881530,819354,872124,4702921,7.398148148148148,7.027586206896552,19.2,7.0,6.245098039215686,9.374166478852077,5,940584.2,Alaron,United Moonshae Empire,West,Splint mail,1023.0
180,Caer Westphal,2903389,3006480,2765971,2734580,2852793,14263213,6.743362831858407,7.394021739130435,22.350609756097562,7.062314540059347,7.144970414201183,10.139055856269387,15,950880.8666666667,Snowdown,Amnian Empire,West,Splint mail,1023.0
181,Caer Callidyrr,1627463,1791743,2199228,3742178,3081787,12442399,7.297029702970297,7.0,21.6974358974359,7.110552763819095,7.0,10.021003672845058,9,1382488.7777777778,Alaron,United Moonshae Empire,West,Splint mail,1023.0
182,Blackstone,1195623,1353410,1298862,1194333,1450194,6492422,7.42483660130719,7.1878787878787875,16.955128205128204,6.5816993464052285,7.10625,9.051158588143883,7,927488.8571428572,Alaron,United Moonshae Empire,West,Splint mail,1023.0
183,Whalebone Isles,1387379,1600225,1427943,1643455,1563787,7622789,6.604651162790698,7.494845360824742,20.880239520958085,6.819095477386934,7.032432432432432,9.766252790878578,8,952848.625,Whalebone Isles,United Moonshae Empire,West,Splint mail,1023.0
184,Azureleaf,2484684,2098511,2063070,2137942,2298972,11083179,6.4,6.9921875,24.27734375,6.89811320754717,7.297794117647059,10.373087715038846,12,923598.25,Korinn Archipelego,United Moonshae Empire,West,Splint mail,1023.0
185,Wyrmspine,2650257,2905729,3009201,2869831,2750707,14185725,6.83939393939394,6.716049382716049,21.775862068965516,6.765079365079365,7.092307692307692,9.837738489692512,15,945715.0,Korinn Archipelego,United Moonshae Empire,West,Splint mail,1023.0
186,Berranzo,1175114,1093741,1173527,1392105,1396102,6230589,7.377483443708609,7.356643356643357,21.60431654676259,7.079545454545454,7.210191082802548,10.12563597689251,7,890084.1428571428,Gundarlund,United Moonshae Empire,West,Splint mail,1023.0
187,Regent's Field,1853499,1691530,1932034,2069492,2044792,9591347,7.700460829493087,7.116071428571429,20.162995594713657,7.42570281124498,6.828451882845188,9.846736509373669,10,959134.7,Alaron,United Moonshae Empire,West,Splint mail,1023.0
188,Gundbarg,621223,543539,554696,495639,460223,2675320,6.72972972972973,7.114754098360656,15.576923076923077,7.125,7.587301587301587,8.82674169846301,3,891773.3333333334,Gundarlund,United Moonshae Empire,West,Splint mail,1023.0
189,Korinn,1417860,1606459,1386750,1345797,1470399,7227265,6.609375,6.5,23.227513227513228,7.581818181818182,6.9,10.163741281866281,8,903408.125,Korinn Archipelego,United Moonshae Empire,West,Splint mail,1023.0
190,Purple Rock Isles,1172761,1106428,1218941,1225848,1097864,5821842,6.164285714285715,7.398601398601398,21.706293706293707,6.965277777777778,7.557142857142857,9.958320290820291,6,970307.0,Purple Rock Isles,United Moonshae Empire,West,Splint mail,1023.0
191,Rogarsheim,1499649,1513803,1756044,1476638,1290418,7536552,6.441988950276243,6.543352601156069,22.349056603773583,7.0,6.304347826086956,9.72774919625857,8,942069.0,Norland,United Moonshae Empire,West,Splint mail,1023.0
192,Ruathym,1567872,1253584,1440735,1693000,1849346,7804537,6.728205128205128,6.952662721893491,25.75141242937853,6.430769230769231,7.02906976744186,10.578423855537647,8,975567.125,Ruathym,United Moonshae Empire,West,Splint mail,1023.0
193,Sambar,2474219,2244770,2234435,2216977,2399512,11569913,7.062091503267974,7.407665505226481,18.121951219512194,7.288888888888889,6.558139534883721,9.287747330355852,13,889993.3076923077,Lantan,Amnian Empire,West,Splint mail,1023.0
194,Horsa,1075825,933583,1119203,924191,943020,4995822,6.781021897810219,7.333333333333333,22.217687074829932,7.086614173228346,7.048387096774194,10.093408715195206,6,832637.0,Alaron,United Moonshae Empire,West,Splint mail,1023.0
195,Highrock,1292430,1214345,1307338,1215491,1287787,6317391,6.726027397260274,6.833333333333333,20.987179487179485,6.976608187134503,6.45859872611465,9.59634942620445,7,902484.4285714285,Alaron,United Moonshae Empire,West,Splint mail,1023.0
196,Port Nyanzaru,1210971,1422788,1072163,1190858,1239771,6136551,7.006622516556291,7.366459627329193,25.471014492753625,7.183206106870229,6.980769230769231,10.801614394855715,7,876650.1428571428,Chult,Amnian Empire,West,Splint mail,1023.0
197,Hammerstaad,857534,605377,720332,836882,947249,3967374,7.232142857142857,7.869047619047619,19.554347826086957,6.878048780487805,7.029411764705882,9.712599769494224,4,991843.5,Norland,United Moonshae Empire,West,Splint mail,1023.0
198,Port Nowhere,2911957,2377126,2213405,2540683,2374454,12417625,6.706948640483383,6.823920265780731,21.496644295302012,7.2631578947368425,6.80327868852459,9.818789956965512,14,886973.2142857143,Maztica,Western Empire,West,Splint mail,1023.0
199,New Alaron,1937524,1912554,1860680,2156707,2234601,10102066,6.860759493670886,7.028925619834711,24.43946188340807,7.531746031746032,6.684615384615385,10.509101682655016,11,918369.6363636364,Korinn Archipelego,United Moonshae Empire,West,Splint mail,1023.0
200,Grondsgrunn,1085575,1113202,1654967,2066520,2184411,8104675,6.908396946564886,7.368421052631579,23.359375,7.193548387096774,7.390070921985815,10.443962461655811,6,1350779.1666666667,Norland,United Moonshae Empire,West,Splint mail,1023.0
201,Sunderstaad,1623929,1410690,1244865,1449664,1154214,6883362,7.1139896373057,7.105263157894737,19.980891719745223,7.31638418079096,7.012987012987013,9.705903141744727,7,983337.4285714285,Alaron,United Moonshae Empire,West,Splint mail,1023.0
202,Sundrah,1797660,1824732,1766931,1735003,1720887,8845213,7.285714285714286,7.291666666666667,22.162790697674417,7.187214611872146,6.948356807511737,10.17514861388785,10,884521.3,Lantan,Amnian Empire,West,Splint mail,1023.0
203,Gnarhelm,1820576,1856135,1860387,1691786,1689285,8918169,6.84,7.180555555555555,18.6457399103139,6.6,7.1708542713567835,9.287429947445247,9,990907.6666666666,Alaron,United Moonshae Empire,West,Splint mail,1023.0
204,Fort Belurian,1408810,1468287,1133151,1173291,1209517,6393056,7.450980392156863,7.575268817204301,22.85,7.563380281690141,7.267123287671233,10.541350555744508,7,913293.7142857143,Chult,Amnian Empire,West,Splint mail,1023.0
205,Port Castigliar,1820388,2106934,1917550,2162261,2071704,10078837,6.991266375545852,6.597609561752988,20.2421875,6.907749077490775,7.273858921161826,9.602534287190288,11,916257.9090909091,Chult,Amnian Empire,West,Splint mail,1023.0
206,Tharsult,1521054,1842429,1721307,1497838,1491972,8074600,7.146067415730337,6.934497816593886,21.955882352941178,7.105263157894737,7.18848167539267,10.066038483710562,9,897177.7777777778,Tharsult,Calim Empire,West,Splint mail,1023.0
207,Pengram,2092053,1930695,1858274,2220679,1594973,9696674,7.260223048327138,7.642276422764228,21.48085106382979,7.232,7.122727272727273,10.147615561529687,11,881515.8181818182,Snowdown,Amnian Empire,West,Splint mail,1023.0
208,Blingdenstone,1246454,1216357,1330213,1212659,1304442,6310125,6.937888198757764,6.959183673469388,26.885906040268456,6.734265734265734,6.463235294117647,10.796095788175798,6,1051687.5,Blingdenstone,None Empire,Underdark,Spear,521.0
209,Gracklstugh,2189900,2096240,2244019,2251006,2425218,11206383,6.755474452554744,6.961089494163424,22.42687747035573,6.929328621908128,7.153284671532846,10.045210942102974,12,933865.25,Gracklstugh,None Empire,Underdark,Spear,521.0
210,Menzoberranzan,1699461,1984425,1651179,1855485,1989792,9180342,7.192825112107624,7.253164556962025,21.995169082125603,6.766233766233766,6.639344262295082,9.969347355944821,10,918034.2,Menzoberranzan,None Empire,Underdark,Spear,521.0
211,Mantol Dereith,350323,374961,333961,309859,550074,1919178,7.794871794871795,7.291666666666667,25.37142857142857,6.2894736842105265,7.411764705882353,10.831841084611984,2,959589.0,Mantol Dereith,None Empire,Underdark,Spear,521.0
